date,source,avis
20/11/2025,Google Maps,"Excellent emplacement, mais le service était incroyablement lent. J'ai attendu 45 minutes pour une simple salade. Déçu."
01/12/2025,Amazon,Clavier mécanique fantastique pour le prix ! Les touches sont réactives et le rétroéclairage est personnalisable. Livraison rapide.
15/10/2025,Trustpilot,"Grosse déception. J'ai commandé un pull taille M, j'ai reçu un L déformé. Le processus de retour est un cauchemar."
28/11/2025,Yelp,Meilleur café de la ville ! L'ambiance est cosy et le barista connaît vraiment son métier. Je recommande leur latte glacé.
05/09/2025,Booking.com,"Hôtel propre et personnel accueillant. Seul bémol : le bruit des travaux tôt le matin. Sinon, très bon séjour."
04/12/2025,Facebook,J'ai participé à leur atelier de poterie la semaine dernière. Instructeur passionné et environnement très créatif. J'ai adoré !
01/11/2025,La Fnac,"Le roman est intéressant, mais le livre est arrivé avec la couverture abîmée. C'est dommage pour un article neuf."
22/10/2025,TripAdvisor,Une arnaque pure et simple. La visite guidée était bâclée et notre guide n'était pas informé. Ne gaspillez pas votre argent.
05/12/2025,App Store,"Mise à jour catastrophique ! L'application plante constamment depuis hier. Rendez-nous l'ancienne version, s'il vous plaît."
18/09/2025,Vinted,"Article conforme à la description et expédié très rapidement. Vendeur fiable, je recommande !"
16/11/2025,Amazon,"J'ai acheté un bijou fait main, et il est encore plus beau en vrai. Artisan talentueux et service client impeccable."